"","state_name","YEAR","STATE","JURTOT"
"1","Alabama",1978,"AL",5625
"2","Alabama",1979,"AL",5464
"3","Alabama",1980,"AL",6543
"4","Alabama",1981,"AL",7657
"5","Alabama",1982,"AL",9233
"6","Alabama",1983,"AL",9856
"7","Alabama",1984,"AL",10482
"8","Alabama",1985,"AL",11015
"9","Alabama",1986,"AL",11710
"10","Alabama",1987,"AL",12827
"11","Alabama",1988,"AL",12610
"12","Alabama",1989,"AL",13907
"13","Alabama",1990,"AL",15665
"14","Alabama",1991,"AL",16760
"15","Alabama",1992,"AL",17453
"16","Alabama",1993,"AL",18624
"17","Alabama",1994,"AL",19573
"18","Alabama",1995,"AL",20718
"19","Alabama",1996,"AL",21760
"20","Alabama",1997,"AL",22290
"21","Alabama",1998,"AL",22676
"22","Alabama",1999,"AL",24658
"23","Alabama",2000,"AL",26406
"24","Alabama",2001,"AL",26741
"25","Alabama",2002,"AL",27947
"26","Alabama",2003,"AL",27913
"27","Alabama",2004,"AL",25887
"28","Alabama",2005,"AL",27888
"29","Alabama",2006,"AL",28241
"30","Alabama",2007,"AL",29412
"31","Alabama",2008,"AL",30508
"32","Alabama",2009,"AL",31874
"33","Alabama",2010,"AL",31764
"34","Alabama",2011,"AL",32270
"35","Alabama",2012,"AL",32431
"36","Alabama",2013,"AL",32381
"37","Alabama",2014,"AL",31771
"38","Alabama",2015,"AL",30810
"39","Alabama",2016,"AL",28883
"40","Arizona",1978,"AZ",3456
"41","Arizona",1979,"AZ",3749
"42","Arizona",1980,"AZ",4372
"43","Arizona",1981,"AZ",5223
"44","Arizona",1982,"AZ",6069
"45","Arizona",1983,"AZ",6889
"46","Arizona",1984,"AZ",7845
"47","Arizona",1985,"AZ",8531
"48","Arizona",1986,"AZ",9434
"49","Arizona",1987,"AZ",10948
"50","Arizona",1988,"AZ",12095
"51","Arizona",1989,"AZ",13251
"52","Arizona",1990,"AZ",14261
"53","Arizona",1991,"AZ",15415
"54","Arizona",1992,"AZ",16477
"55","Arizona",1993,"AZ",17811
"56","Arizona",1994,"AZ",19746
"57","Arizona",1995,"AZ",21341
"58","Arizona",1996,"AZ",22493
"59","Arizona",1997,"AZ",23484
"60","Arizona",1998,"AZ",25515
"61","Arizona",1999,"AZ",25986
"62","Arizona",2000,"AZ",26510
"63","Arizona",2001,"AZ",27710
"64","Arizona",2002,"AZ",29359
"65","Arizona",2003,"AZ",31170
"66","Arizona",2004,"AZ",32515
"67","Arizona",2005,"AZ",33471
"68","Arizona",2006,"AZ",35801
"69","Arizona",2007,"AZ",37746
"70","Arizona",2008,"AZ",39502
"71","Arizona",2009,"AZ",40544
"72","Arizona",2010,"AZ",40209
"73","Arizona",2011,"AZ",40020
"74","Arizona",2012,"AZ",40080
"75","Arizona",2013,"AZ",41177
"76","Arizona",2014,"AZ",42259
"77","Arizona",2015,"AZ",42719
"78","Arizona",2016,"AZ",42320
"79","Arkansas",1978,"AR",2654
"80","Arkansas",1979,"AR",3042
"81","Arkansas",1980,"AR",2911
"82","Arkansas",1981,"AR",3328
"83","Arkansas",1982,"AR",3922
"84","Arkansas",1983,"AR",4246
"85","Arkansas",1984,"AR",4482
"86","Arkansas",1985,"AR",4611
"87","Arkansas",1986,"AR",4701
"88","Arkansas",1987,"AR",5441
"89","Arkansas",1988,"AR",5519
"90","Arkansas",1989,"AR",6649
"91","Arkansas",1990,"AR",7322
"92","Arkansas",1991,"AR",7766
"93","Arkansas",1992,"AR",8285
"94","Arkansas",1993,"AR",8625
"95","Arkansas",1994,"AR",8957
"96","Arkansas",1995,"AR",8910
"97","Arkansas",1996,"AR",9407
"98","Arkansas",1997,"AR",10021
"99","Arkansas",1998,"AR",10638
"100","Arkansas",1999,"AR",11415
"101","Arkansas",2000,"AR",11915
"102","Arkansas",2001,"AR",12594
"103","Arkansas",2002,"AR",13091
"104","Arkansas",2003,"AR",13315
"105","Arkansas",2004,"AR",13807
"106","Arkansas",2005,"AR",13511
"107","Arkansas",2006,"AR",13729
"108","Arkansas",2007,"AR",14314
"109","Arkansas",2008,"AR",14716
"110","Arkansas",2009,"AR",15208
"111","Arkansas",2010,"AR",16204
"112","Arkansas",2011,"AR",16108
"113","Arkansas",2012,"AR",14654
"114","Arkansas",2013,"AR",17235
"115","Arkansas",2014,"AR",17874
"116","Arkansas",2015,"AR",17707
"117","Arkansas",2016,"AR",17537
"118","California",1978,"CA",21325
"119","California",1979,"CA",22632
"120","California",1980,"CA",24569
"121","California",1981,"CA",29202
"122","California",1982,"CA",34640
"123","California",1983,"CA",39373
"124","California",1984,"CA",43197
"125","California",1985,"CA",50158
"126","California",1986,"CA",59484
"127","California",1987,"CA",66975
"128","California",1988,"CA",76171
"129","California",1989,"CA",87297
"130","California",1990,"CA",97309
"131","California",1991,"CA",101808
"132","California",1992,"CA",109496
"133","California",1993,"CA",119951
"134","California",1994,"CA",126091
"135","California",1995,"CA",135646
"136","California",1996,"CA",146049
"137","California",1997,"CA",155790
"138","California",1998,"CA",161904
"139","California",1999,"CA",163067
"140","California",2000,"CA",163001
"141","California",2001,"CA",159444
"142","California",2002,"CA",161361
"143","California",2003,"CA",164487
"144","California",2004,"CA",166556
"145","California",2005,"CA",170676
"146","California",2006,"CA",175512
"147","California",2007,"CA",174282
"148","California",2008,"CA",173670
"149","California",2009,"CA",171275
"150","California",2010,"CA",165062
"151","California",2011,"CA",149569
"152","California",2012,"CA",134534
"153","California",2013,"CA",135981
"154","California",2014,"CA",136085
"155","California",2015,"CA",129593
"156","California",2016,"CA",130390
"157","Colorado",1978,"CO",2486
"158","Colorado",1979,"CO",2668
"159","Colorado",1980,"CO",2629
"160","Colorado",1981,"CO",2772
"161","Colorado",1982,"CO",3042
"162","Colorado",1983,"CO",3244
"163","Colorado",1984,"CO",3231
"164","Colorado",1985,"CO",3386
"165","Colorado",1986,"CO",3804
"166","Colorado",1987,"CO",4808
"167","Colorado",1988,"CO",5765
"168","Colorado",1989,"CO",6908
"169","Colorado",1990,"CO",7671
"170","Colorado",1991,"CO",8392
"171","Colorado",1992,"CO",8997
"172","Colorado",1993,"CO",9462
"173","Colorado",1994,"CO",10717
"174","Colorado",1995,"CO",11063
"175","Colorado",1996,"CO",12438
"176","Colorado",1997,"CO",13461
"177","Colorado",1998,"CO",14312
"178","Colorado",1999,"CO",15670
"179","Colorado",2000,"CO",16833
"180","Colorado",2001,"CO",17448
"181","Colorado",2002,"CO",18833
"182","Colorado",2003,"CO",19671
"183","Colorado",2004,"CO",20293
"184","Colorado",2005,"CO",21456
"185","Colorado",2006,"CO",22481
"186","Colorado",2007,"CO",22841
"187","Colorado",2008,"CO",23274
"188","Colorado",2009,"CO",22795
"189","Colorado",2010,"CO",22815
"190","Colorado",2011,"CO",21978
"191","Colorado",2012,"CO",20462
"192","Colorado",2013,"CO",20371
"193","Colorado",2014,"CO",20646
"194","Colorado",2015,"CO",20041
"195","Colorado",2016,"CO",19981
"196","Connecticut",1978,"CT",3189
"197","Connecticut",1979,"CT",4061
"198","Connecticut",1980,"CT",4308
"199","Connecticut",1981,"CT",5263
"200","Connecticut",1982,"CT",5156
"201","Connecticut",1983,"CT",5474
"202","Connecticut",1984,"CT",5718
"203","Connecticut",1985,"CT",6149
"204","Connecticut",1986,"CT",6905
"205","Connecticut",1987,"CT",7511
"206","Connecticut",1988,"CT",8005
"207","Connecticut",1989,"CT",9301
"208","Connecticut",1990,"CT",10500
"209","Connecticut",1991,"CT",10977
"210","Connecticut",1992,"CT",11403
"211","Connecticut",1993,"CT",13691
"212","Connecticut",1994,"CT",14380
"213","Connecticut",1995,"CT",14802
"214","Connecticut",1996,"CT",16571
"215","Connecticut",1997,"CT",17241
"216","Connecticut",1998,"CT",17605
"217","Connecticut",1999,"CT",18639
"218","Connecticut",2000,"CT",18355
"219","Connecticut",2001,"CT",19196
"220","Connecticut",2002,"CT",20720
"221","Connecticut",2003,"CT",19846
"222","Connecticut",2004,"CT",19497
"223","Connecticut",2005,"CT",19442
"224","Connecticut",2006,"CT",20566
"225","Connecticut",2007,"CT",20924
"226","Connecticut",2008,"CT",20661
"227","Connecticut",2009,"CT",19716
"228","Connecticut",2010,"CT",19321
"229","Connecticut",2011,"CT",18324
"230","Connecticut",2012,"CT",17530
"231","Connecticut",2013,"CT",17563
"232","Connecticut",2014,"CT",16636
"233","Connecticut",2015,"CT",15816
"234","Connecticut",2016,"CT",14957
"235","Delaware",1978,"DE",1325
"236","Delaware",1979,"DE",1419
"237","Delaware",1980,"DE",1474
"238","Delaware",1981,"DE",1712
"239","Delaware",1982,"DE",2068
"240","Delaware",1983,"DE",2198
"241","Delaware",1984,"DE",2202
"242","Delaware",1985,"DE",2553
"243","Delaware",1986,"DE",2833
"244","Delaware",1987,"DE",2982
"245","Delaware",1988,"DE",3197
"246","Delaware",1989,"DE",3458
"247","Delaware",1990,"DE",3471
"248","Delaware",1991,"DE",3717
"249","Delaware",1992,"DE",4062
"250","Delaware",1993,"DE",4210
"251","Delaware",1994,"DE",4466
"252","Delaware",1995,"DE",4836
"253","Delaware",1996,"DE",5110
"254","Delaware",1997,"DE",5435
"255","Delaware",1998,"DE",5558
"256","Delaware",1999,"DE",6983
"257","Delaware",2000,"DE",6921
"258","Delaware",2001,"DE",7003
"259","Delaware",2002,"DE",6778
"260","Delaware",2003,"DE",6794
"261","Delaware",2004,"DE",6927
"262","Delaware",2005,"DE",6944
"263","Delaware",2006,"DE",7186
"264","Delaware",2007,"DE",7257
"265","Delaware",2008,"DE",7057
"266","Delaware",2009,"DE",6775
"267","Delaware",2010,"DE",6615
"268","Delaware",2011,"DE",6739
"269","Delaware",2012,"DE",6914
"270","Delaware",2013,"DE",7004
"271","Delaware",2014,"DE",6955
"272","Delaware",2015,"DE",6654
"273","Delaware",2016,"DE",6585
"274","Florida",1978,"FL",21436
"275","Florida",1979,"FL",19748
"276","Florida",1980,"FL",20735
"277","Florida",1981,"FL",23589
"278","Florida",1982,"FL",27830
"279","Florida",1983,"FL",26334
"280","Florida",1984,"FL",26914
"281","Florida",1985,"FL",28600
"282","Florida",1986,"FL",32237
"283","Florida",1987,"FL",32445
"284","Florida",1988,"FL",34732
"285","Florida",1989,"FL",39999
"286","Florida",1990,"FL",44387
"287","Florida",1991,"FL",46533
"288","Florida",1992,"FL",48302
"289","Florida",1993,"FL",53048
"290","Florida",1994,"FL",57163
"291","Florida",1995,"FL",63879
"292","Florida",1996,"FL",63763
"293","Florida",1997,"FL",64626
"294","Florida",1998,"FL",67224
"295","Florida",1999,"FL",69596
"296","Florida",2000,"FL",71319
"297","Florida",2001,"FL",72404
"298","Florida",2002,"FL",75210
"299","Florida",2003,"FL",82012
"300","Florida",2004,"FL",85533
"301","Florida",2005,"FL",89768
"302","Florida",2006,"FL",92969
"303","Florida",2007,"FL",98219
"304","Florida",2008,"FL",102388
"305","Florida",2009,"FL",103915
"306","Florida",2010,"FL",104306
"307","Florida",2011,"FL",103055
"308","Florida",2012,"FL",101930
"309","Florida",2013,"FL",103028
"310","Florida",2014,"FL",102870
"311","Florida",2015,"FL",101424
"312","Florida",2016,"FL",99974
"313","Georgia",1978,"GA",11317
"314","Georgia",1979,"GA",12106
"315","Georgia",1980,"GA",12178
"316","Georgia",1981,"GA",12444
"317","Georgia",1982,"GA",14405
"318","Georgia",1983,"GA",15358
"319","Georgia",1984,"GA",15404
"320","Georgia",1985,"GA",16262
"321","Georgia",1986,"GA",16922
"322","Georgia",1987,"GA",18575
"323","Georgia",1988,"GA",18787
"324","Georgia",1989,"GA",20885
"325","Georgia",1990,"GA",22411
"326","Georgia",1991,"GA",23743
"327","Georgia",1992,"GA",25290
"328","Georgia",1993,"GA",27783
"329","Georgia",1994,"GA",33425
"330","Georgia",1995,"GA",34266
"331","Georgia",1996,"GA",35139
"332","Georgia",1997,"GA",36505
"333","Georgia",1998,"GA",39262
"334","Georgia",1999,"GA",42091
"335","Georgia",2000,"GA",44232
"336","Georgia",2001,"GA",45937
"337","Georgia",2002,"GA",47445
"338","Georgia",2003,"GA",47208
"339","Georgia",2004,"GA",51104
"340","Georgia",2005,"GA",48749
"341","Georgia",2006,"GA",52792
"342","Georgia",2007,"GA",54256
"343","Georgia",2008,"GA",52719
"344","Georgia",2009,"GA",56986
"345","Georgia",2010,"GA",56432
"346","Georgia",2011,"GA",55944
"347","Georgia",2012,"GA",55457
"348","Georgia",2013,"GA",54004
"349","Georgia",2014,"GA",52949
"350","Georgia",2015,"GA",52193
"351","Georgia",2016,"GA",53627
"352","Idaho",1978,"ID",802
"353","Idaho",1979,"ID",830
"354","Idaho",1980,"ID",817
"355","Idaho",1981,"ID",957
"356","Idaho",1982,"ID",1044
"357","Idaho",1983,"ID",1187
"358","Idaho",1984,"ID",1253
"359","Idaho",1985,"ID",1344
"360","Idaho",1986,"ID",1448
"361","Idaho",1987,"ID",1435
"362","Idaho",1988,"ID",1581
"363","Idaho",1989,"ID",1850
"364","Idaho",1990,"ID",1961
"365","Idaho",1991,"ID",2143
"366","Idaho",1992,"ID",2256
"367","Idaho",1993,"ID",2606
"368","Idaho",1994,"ID",2811
"369","Idaho",1995,"ID",3328
"370","Idaho",1996,"ID",3832
"371","Idaho",1997,"ID",3911
"372","Idaho",1998,"ID",4083
"373","Idaho",1999,"ID",4842
"374","Idaho",2000,"ID",5535
"375","Idaho",2001,"ID",5984
"376","Idaho",2002,"ID",5746
"377","Idaho",2003,"ID",5737
"378","Idaho",2004,"ID",6375
"379","Idaho",2005,"ID",6818
"380","Idaho",2006,"ID",7124
"381","Idaho",2007,"ID",7319
"382","Idaho",2008,"ID",7290
"383","Idaho",2009,"ID",7400
"384","Idaho",2010,"ID",7431
"385","Idaho",2011,"ID",7739
"386","Idaho",2012,"ID",7985
"387","Idaho",2013,"ID",8242
"388","Idaho",2014,"ID",8117
"389","Idaho",2015,"ID",8052
"390","Idaho",2016,"ID",8252
"391","Illinois",1978,"IL",11258
"392","Illinois",1979,"IL",11935
"393","Illinois",1980,"IL",11899
"394","Illinois",1981,"IL",14328
"395","Illinois",1982,"IL",14293
"396","Illinois",1983,"IL",15595
"397","Illinois",1984,"IL",17114
"398","Illinois",1985,"IL",18634
"399","Illinois",1986,"IL",19456
"400","Illinois",1987,"IL",19850
"401","Illinois",1988,"IL",21081
"402","Illinois",1989,"IL",24712
"403","Illinois",1990,"IL",27516
"404","Illinois",1991,"IL",29115
"405","Illinois",1992,"IL",31640
"406","Illinois",1993,"IL",34495
"407","Illinois",1994,"IL",36531
"408","Illinois",1995,"IL",37658
"409","Illinois",1996,"IL",38852
"410","Illinois",1997,"IL",40788
"411","Illinois",1998,"IL",43051
"412","Illinois",1999,"IL",44660
"413","Illinois",2000,"IL",45281
"414","Illinois",2001,"IL",44348
"415","Illinois",2002,"IL",42693
"416","Illinois",2003,"IL",43418
"417","Illinois",2004,"IL",44054
"418","Illinois",2005,"IL",44919
"419","Illinois",2006,"IL",45106
"420","Illinois",2007,"IL",45215
"421","Illinois",2008,"IL",45474
"422","Illinois",2009,"IL",45161
"423","Illinois",2010,"IL",48418
"424","Illinois",2011,"IL",48427
"425","Illinois",2012,"IL",49348
"426","Illinois",2013,"IL",48653
"427","Illinois",2014,"IL",48278
"428","Illinois",2015,"IL",46240
"429","Illinois",2016,"IL",43657
"430","Indiana",1978,"IN",4923
"431","Indiana",1979,"IN",5667
"432","Indiana",1980,"IN",6683
"433","Indiana",1981,"IN",8022
"434","Indiana",1982,"IN",8790
"435","Indiana",1983,"IN",9296
"436","Indiana",1984,"IN",9328
"437","Indiana",1985,"IN",10056
"438","Indiana",1986,"IN",10175
"439","Indiana",1987,"IN",10827
"440","Indiana",1988,"IN",11406
"441","Indiana",1989,"IN",12341
"442","Indiana",1990,"IN",12736
"443","Indiana",1991,"IN",13719
"444","Indiana",1992,"IN",13945
"445","Indiana",1993,"IN",14470
"446","Indiana",1994,"IN",15014
"447","Indiana",1995,"IN",16125
"448","Indiana",1996,"IN",16960
"449","Indiana",1997,"IN",17903
"450","Indiana",1998,"IN",19197
"451","Indiana",1999,"IN",19309
"452","Indiana",2000,"IN",20125
"453","Indiana",2001,"IN",20966
"454","Indiana",2002,"IN",21611
"455","Indiana",2003,"IN",23069
"456","Indiana",2004,"IN",24008
"457","Indiana",2005,"IN",24455
"458","Indiana",2006,"IN",26091
"459","Indiana",2007,"IN",27132
"460","Indiana",2008,"IN",28322
"461","Indiana",2009,"IN",28808
"462","Indiana",2010,"IN",28028
"463","Indiana",2011,"IN",28906
"464","Indiana",2012,"IN",28831
"465","Indiana",2013,"IN",29913
"466","Indiana",2014,"IN",29271
"467","Indiana",2015,"IN",27355
"468","Indiana",2016,"IN",25546
"469","Iowa",1978,"IA",1982
"470","Iowa",1979,"IA",2272
"471","Iowa",1980,"IA",2481
"472","Iowa",1981,"IA",2670
"473","Iowa",1982,"IA",2829
"474","Iowa",1983,"IA",2814
"475","Iowa",1984,"IA",2836
"476","Iowa",1985,"IA",2687
"477","Iowa",1986,"IA",2777
"478","Iowa",1987,"IA",2851
"479","Iowa",1988,"IA",3034
"480","Iowa",1989,"IA",3584
"481","Iowa",1990,"IA",3967
"482","Iowa",1991,"IA",4145
"483","Iowa",1992,"IA",4518
"484","Iowa",1993,"IA",4898
"485","Iowa",1994,"IA",5437
"486","Iowa",1995,"IA",5906
"487","Iowa",1996,"IA",6342
"488","Iowa",1997,"IA",6938
"489","Iowa",1998,"IA",7394
"490","Iowa",1999,"IA",7232
"491","Iowa",2000,"IA",7955
"492","Iowa",2001,"IA",7962
"493","Iowa",2002,"IA",8398
"494","Iowa",2003,"IA",8546
"495","Iowa",2004,"IA",8525
"496","Iowa",2005,"IA",8737
"497","Iowa",2006,"IA",8838
"498","Iowa",2007,"IA",8732
"499","Iowa",2008,"IA",8766
"500","Iowa",2009,"IA",8813
"501","Iowa",2010,"IA",9455
"502","Iowa",2011,"IA",9116
"503","Iowa",2012,"IA",8733
"504","Iowa",2013,"IA",8697
"505","Iowa",2014,"IA",8838
"506","Iowa",2015,"IA",8849
"507","Iowa",2016,"IA",9031
"508","Kansas",1978,"KS",2341
"509","Kansas",1979,"KS",2290
"510","Kansas",1980,"KS",2494
"511","Kansas",1981,"KS",2770
"512","Kansas",1982,"KS",3078
"513","Kansas",1983,"KS",3705
"514","Kansas",1984,"KS",4244
"515","Kansas",1985,"KS",4732
"516","Kansas",1986,"KS",5345
"517","Kansas",1987,"KS",5781
"518","Kansas",1988,"KS",5817
"519","Kansas",1989,"KS",5616
"520","Kansas",1990,"KS",5775
"521","Kansas",1991,"KS",5903
"522","Kansas",1992,"KS",6028
"523","Kansas",1993,"KS",5727
"524","Kansas",1994,"KS",6371
"525","Kansas",1995,"KS",7054
"526","Kansas",1996,"KS",7756
"527","Kansas",1997,"KS",7911
"528","Kansas",1998,"KS",8183
"529","Kansas",1999,"KS",8567
"530","Kansas",2000,"KS",8344
"531","Kansas",2001,"KS",8577
"532","Kansas",2002,"KS",8935
"533","Kansas",2003,"KS",9132
"534","Kansas",2004,"KS",8966
"535","Kansas",2005,"KS",9068
"536","Kansas",2006,"KS",8816
"537","Kansas",2007,"KS",8696
"538","Kansas",2008,"KS",8539
"539","Kansas",2009,"KS",8641
"540","Kansas",2010,"KS",9051
"541","Kansas",2011,"KS",9327
"542","Kansas",2012,"KS",9682
"543","Kansas",2013,"KS",9763
"544","Kansas",2014,"KS",9877
"545","Kansas",2015,"KS",9857
"546","Kansas",2016,"KS",9920
"547","Kentucky",1978,"KY",3390
"548","Kentucky",1979,"KY",3691
"549","Kentucky",1980,"KY",3588
"550","Kentucky",1981,"KY",3993
"551","Kentucky",1982,"KY",4031
"552","Kentucky",1983,"KY",4773
"553","Kentucky",1984,"KY",4820
"554","Kentucky",1985,"KY",4981
"555","Kentucky",1986,"KY",5288
"556","Kentucky",1987,"KY",6437
"557","Kentucky",1988,"KY",7119
"558","Kentucky",1989,"KY",8289
"559","Kentucky",1990,"KY",9023
"560","Kentucky",1991,"KY",9799
"561","Kentucky",1992,"KY",10364
"562","Kentucky",1993,"KY",10440
"563","Kentucky",1994,"KY",11066
"564","Kentucky",1995,"KY",12060
"565","Kentucky",1996,"KY",12910
"566","Kentucky",1997,"KY",14600
"567","Kentucky",1998,"KY",14987
"568","Kentucky",1999,"KY",15317
"569","Kentucky",2000,"KY",14919
"570","Kentucky",2001,"KY",15424
"571","Kentucky",2002,"KY",15820
"572","Kentucky",2003,"KY",16622
"573","Kentucky",2004,"KY",17814
"574","Kentucky",2005,"KY",19662
"575","Kentucky",2006,"KY",20000
"576","Kentucky",2007,"KY",22457
"577","Kentucky",2008,"KY",21706
"578","Kentucky",2009,"KY",21638
"579","Kentucky",2010,"KY",20544
"580","Kentucky",2011,"KY",21545
"581","Kentucky",2012,"KY",22110
"582","Kentucky",2013,"KY",21030
"583","Kentucky",2014,"KY",21657
"584","Kentucky",2015,"KY",21701
"585","Kentucky",2016,"KY",23022
"586","Louisiana",1978,"LA",7291
"587","Louisiana",1979,"LA",7618
"588","Louisiana",1980,"LA",8889
"589","Louisiana",1981,"LA",9415
"590","Louisiana",1982,"LA",10930
"591","Louisiana",1983,"LA",12812
"592","Louisiana",1984,"LA",13659
"593","Louisiana",1985,"LA",13890
"594","Louisiana",1986,"LA",14300
"595","Louisiana",1987,"LA",15375
"596","Louisiana",1988,"LA",16242
"597","Louisiana",1989,"LA",17257
"598","Louisiana",1990,"LA",18599
"599","Louisiana",1991,"LA",20003
"600","Louisiana",1992,"LA",20980
"601","Louisiana",1993,"LA",22468
"602","Louisiana",1994,"LA",24063
"603","Louisiana",1995,"LA",25195
"604","Louisiana",1996,"LA",26779
"605","Louisiana",1997,"LA",29265
"606","Louisiana",1998,"LA",32228
"607","Louisiana",1999,"LA",34066
"608","Louisiana",2000,"LA",35207
"609","Louisiana",2001,"LA",35810
"610","Louisiana",2002,"LA",36032
"611","Louisiana",2003,"LA",36047
"612","Louisiana",2004,"LA",36939
"613","Louisiana",2005,"LA",36083
"614","Louisiana",2006,"LA",37012
"615","Louisiana",2007,"LA",37540
"616","Louisiana",2008,"LA",38381
"617","Louisiana",2009,"LA",39780
"618","Louisiana",2010,"LA",39445
"619","Louisiana",2011,"LA",39710
"620","Louisiana",2012,"LA",40172
"621","Louisiana",2013,"LA",39299
"622","Louisiana",2014,"LA",38030
"623","Louisiana",2015,"LA",36377
"624","Louisiana",2016,"LA",35682
"625","Maine",1978,"ME",711
"626","Maine",1979,"ME",776
"627","Maine",1980,"ME",814
"628","Maine",1981,"ME",992
"629","Maine",1982,"ME",1110
"630","Maine",1983,"ME",1082
"631","Maine",1984,"ME",1032
"632","Maine",1985,"ME",1317
"633","Maine",1986,"ME",1316
"634","Maine",1987,"ME",1299
"635","Maine",1988,"ME",1277
"636","Maine",1989,"ME",1455
"637","Maine",1990,"ME",1523
"638","Maine",1991,"ME",1579
"639","Maine",1992,"ME",1519
"640","Maine",1993,"ME",1469
"641","Maine",1994,"ME",1474
"642","Maine",1995,"ME",1396
"643","Maine",1996,"ME",1426
"644","Maine",1997,"ME",1620
"645","Maine",1998,"ME",1691
"646","Maine",1999,"ME",1716
"647","Maine",2000,"ME",1679
"648","Maine",2001,"ME",1704
"649","Maine",2002,"ME",1900
"650","Maine",2003,"ME",2013
"651","Maine",2004,"ME",2024
"652","Maine",2005,"ME",2023
"653","Maine",2006,"ME",2120
"654","Maine",2007,"ME",2148
"655","Maine",2008,"ME",2195
"656","Maine",2009,"ME",2206
"657","Maine",2010,"ME",2154
"658","Maine",2011,"ME",2145
"659","Maine",2012,"ME",2108
"660","Maine",2013,"ME",2173
"661","Maine",2014,"ME",2242
"662","Maine",2015,"ME",2279
"663","Maine",2016,"ME",2404
"664","Maryland",1978,"MD",7966
"665","Maryland",1979,"MD",7860
"666","Maryland",1980,"MD",7731
"667","Maryland",1981,"MD",9335
"668","Maryland",1982,"MD",11617
"669","Maryland",1983,"MD",12617
"670","Maryland",1984,"MD",13124
"671","Maryland",1985,"MD",13005
"672","Maryland",1986,"MD",13326
"673","Maryland",1987,"MD",13467
"674","Maryland",1988,"MD",14276
"675","Maryland",1989,"MD",16514
"676","Maryland",1990,"MD",17848
"677","Maryland",1991,"MD",19291
"678","Maryland",1992,"MD",19977
"679","Maryland",1993,"MD",20264
"680","Maryland",1994,"MD",20998
"681","Maryland",1995,"MD",21453
"682","Maryland",1996,"MD",22050
"683","Maryland",1997,"MD",22232
"684","Maryland",1998,"MD",22572
"685","Maryland",1999,"MD",23095
"686","Maryland",2000,"MD",23538
"687","Maryland",2001,"MD",23752
"688","Maryland",2002,"MD",24162
"689","Maryland",2003,"MD",23791
"690","Maryland",2004,"MD",23285
"691","Maryland",2005,"MD",22737
"692","Maryland",2006,"MD",22945
"693","Maryland",2007,"MD",23433
"694","Maryland",2008,"MD",23324
"695","Maryland",2009,"MD",22255
"696","Maryland",2010,"MD",22645
"697","Maryland",2011,"MD",22558
"698","Maryland",2012,"MD",21522
"699","Maryland",2013,"MD",21335
"700","Maryland",2014,"MD",21011
"701","Maryland",2015,"MD",20764
"702","Maryland",2016,"MD",19994
"703","Massachusetts",1978,"MA",2806
"704","Massachusetts",1979,"MA",2924
"705","Massachusetts",1980,"MA",3185
"706","Massachusetts",1981,"MA",3889
"707","Massachusetts",1982,"MA",4334
"708","Massachusetts",1983,"MA",4482
"709","Massachusetts",1984,"MA",4883
"710","Massachusetts",1985,"MA",5390
"711","Massachusetts",1986,"MA",5636
"712","Massachusetts",1987,"MA",6268
"713","Massachusetts",1988,"MA",6757
"714","Massachusetts",1989,"MA",7524
"715","Massachusetts",1990,"MA",8345
"716","Massachusetts",1991,"MA",9415
"717","Massachusetts",1992,"MA",10053
"718","Massachusetts",1993,"MA",10229
"719","Massachusetts",1994,"MA",11293
"720","Massachusetts",1995,"MA",11687
"721","Massachusetts",1996,"MA",11796
"722","Massachusetts",1997,"MA",11947
"723","Massachusetts",1998,"MA",11799
"724","Massachusetts",1999,"MA",11356
"725","Massachusetts",2000,"MA",10722
"726","Massachusetts",2001,"MA",10588
"727","Massachusetts",2002,"MA",10329
"728","Massachusetts",2003,"MA",10232
"729","Massachusetts",2004,"MA",10144
"730","Massachusetts",2005,"MA",10701
"731","Massachusetts",2006,"MA",11032
"732","Massachusetts",2007,"MA",11436
"733","Massachusetts",2008,"MA",11408
"734","Massachusetts",2009,"MA",11316
"735","Massachusetts",2010,"MA",11313
"736","Massachusetts",2011,"MA",11623
"737","Massachusetts",2012,"MA",11308
"738","Massachusetts",2013,"MA",10950
"739","Massachusetts",2014,"MA",10713
"740","Massachusetts",2015,"MA",9922
"741","Massachusetts",2016,"MA",9403
"742","Michigan",1978,"MI",14944
"743","Michigan",1979,"MI",15002
"744","Michigan",1980,"MI",15124
"745","Michigan",1981,"MI",15157
"746","Michigan",1982,"MI",14913
"747","Michigan",1983,"MI",14510
"748","Michigan",1984,"MI",14604
"749","Michigan",1985,"MI",17755
"750","Michigan",1986,"MI",20742
"751","Michigan",1987,"MI",23879
"752","Michigan",1988,"MI",27612
"753","Michigan",1989,"MI",31639
"754","Michigan",1990,"MI",34267
"755","Michigan",1991,"MI",36423
"756","Michigan",1992,"MI",39113
"757","Michigan",1993,"MI",39318
"758","Michigan",1994,"MI",40631
"759","Michigan",1995,"MI",41112
"760","Michigan",1996,"MI",42349
"761","Michigan",1997,"MI",44771
"762","Michigan",1998,"MI",45879
"763","Michigan",1999,"MI",46617
"764","Michigan",2000,"MI",47718
"765","Michigan",2001,"MI",48849
"766","Michigan",2002,"MI",50591
"767","Michigan",2003,"MI",49358
"768","Michigan",2004,"MI",48883
"769","Michigan",2005,"MI",49546
"770","Michigan",2006,"MI",51577
"771","Michigan",2007,"MI",50233
"772","Michigan",2008,"MI",48738
"773","Michigan",2009,"MI",45478
"774","Michigan",2010,"MI",44165
"775","Michigan",2011,"MI",42940
"776","Michigan",2012,"MI",43636
"777","Michigan",2013,"MI",43759
"778","Michigan",2014,"MI",43390
"779","Michigan",2015,"MI",42628
"780","Michigan",2016,"MI",41122
"781","Minnesota",1978,"MN",1954
"782","Minnesota",1979,"MN",2094
"783","Minnesota",1980,"MN",2001
"784","Minnesota",1981,"MN",1966
"785","Minnesota",1982,"MN",2081
"786","Minnesota",1983,"MN",2113
"787","Minnesota",1984,"MN",2167
"788","Minnesota",1985,"MN",2343
"789","Minnesota",1986,"MN",2462
"790","Minnesota",1987,"MN",2546
"791","Minnesota",1988,"MN",2799
"792","Minnesota",1989,"MN",3103
"793","Minnesota",1990,"MN",3176
"794","Minnesota",1991,"MN",3472
"795","Minnesota",1992,"MN",3822
"796","Minnesota",1993,"MN",4200
"797","Minnesota",1994,"MN",4575
"798","Minnesota",1995,"MN",4846
"799","Minnesota",1996,"MN",5158
"800","Minnesota",1997,"MN",5326
"801","Minnesota",1998,"MN",5572
"802","Minnesota",1999,"MN",5969
"803","Minnesota",2000,"MN",6238
"804","Minnesota",2001,"MN",6606
"805","Minnesota",2002,"MN",7129
"806","Minnesota",2003,"MN",7865
"807","Minnesota",2004,"MN",8758
"808","Minnesota",2005,"MN",9281
"809","Minnesota",2006,"MN",9108
"810","Minnesota",2007,"MN",9468
"811","Minnesota",2008,"MN",9910
"812","Minnesota",2009,"MN",9986
"813","Minnesota",2010,"MN",9796
"814","Minnesota",2011,"MN",9800
"815","Minnesota",2012,"MN",9938
"816","Minnesota",2013,"MN",10289
"817","Minnesota",2014,"MN",10637
"818","Minnesota",2015,"MN",10798
"819","Minnesota",2016,"MN",10592
"820","Mississippi",1978,"MS",2896
"821","Mississippi",1979,"MS",3508
"822","Mississippi",1980,"MS",3902
"823","Mississippi",1981,"MS",4624
"824","Mississippi",1982,"MS",5484
"825","Mississippi",1983,"MS",5586
"826","Mississippi",1984,"MS",6115
"827","Mississippi",1985,"MS",6392
"828","Mississippi",1986,"MS",6747
"829","Mississippi",1987,"MS",6880
"830","Mississippi",1988,"MS",7384
"831","Mississippi",1989,"MS",7911
"832","Mississippi",1990,"MS",8375
"833","Mississippi",1991,"MS",8904
"834","Mississippi",1992,"MS",8905
"835","Mississippi",1993,"MS",9907
"836","Mississippi",1994,"MS",10930
"837","Mississippi",1995,"MS",12684
"838","Mississippi",1996,"MS",13859
"839","Mississippi",1997,"MS",14296
"840","Mississippi",1998,"MS",16678
"841","Mississippi",1999,"MS",18247
"842","Mississippi",2000,"MS",20241
"843","Mississippi",2001,"MS",21460
"844","Mississippi",2002,"MS",22705
"845","Mississippi",2003,"MS",20589
"846","Mississippi",2004,"MS",20983
"847","Mississippi",2005,"MS",20515
"848","Mississippi",2006,"MS",21068
"849","Mississippi",2007,"MS",22431
"850","Mississippi",2008,"MS",22754
"851","Mississippi",2009,"MS",21482
"852","Mississippi",2010,"MS",21067
"853","Mississippi",2011,"MS",21386
"854","Mississippi",2012,"MS",22319
"855","Mississippi",2013,"MS",21969
"856","Mississippi",2014,"MS",18793
"857","Mississippi",2015,"MS",18911
"858","Mississippi",2016,"MS",19192
"859","Missouri",1978,"MO",5637
"860","Missouri",1979,"MO",5279
"861","Missouri",1980,"MO",5726
"862","Missouri",1981,"MO",6489
"863","Missouri",1982,"MO",7445
"864","Missouri",1983,"MO",8103
"865","Missouri",1984,"MO",8770
"866","Missouri",1985,"MO",9796
"867","Missouri",1986,"MO",10309
"868","Missouri",1987,"MO",11357
"869","Missouri",1988,"MO",12176
"870","Missouri",1989,"MO",13921
"871","Missouri",1990,"MO",14943
"872","Missouri",1991,"MO",15897
"873","Missouri",1992,"MO",16195
"874","Missouri",1993,"MO",16178
"875","Missouri",1994,"MO",17898
"876","Missouri",1995,"MO",19134
"877","Missouri",1996,"MO",22003
"878","Missouri",1997,"MO",23664
"879","Missouri",1998,"MO",25060
"880","Missouri",1999,"MO",26155
"881","Missouri",2000,"MO",27543
"882","Missouri",2001,"MO",28757
"883","Missouri",2002,"MO",30099
"884","Missouri",2003,"MO",30303
"885","Missouri",2004,"MO",31081
"886","Missouri",2005,"MO",30823
"887","Missouri",2006,"MO",30167
"888","Missouri",2007,"MO",29857
"889","Missouri",2008,"MO",30186
"890","Missouri",2009,"MO",30563
"891","Missouri",2010,"MO",30623
"892","Missouri",2011,"MO",30833
"893","Missouri",2012,"MO",31247
"894","Missouri",2013,"MO",31537
"895","Missouri",2014,"MO",31942
"896","Missouri",2015,"MO",32330
"897","Missouri",2016,"MO",32461
"898","Montana",1978,"MT",690
"899","Montana",1979,"MT",715
"900","Montana",1980,"MT",739
"901","Montana",1981,"MT",831
"902","Montana",1982,"MT",914
"903","Montana",1983,"MT",903
"904","Montana",1984,"MT",964
"905","Montana",1985,"MT",1129
"906","Montana",1986,"MT",1111
"907","Montana",1987,"MT",1207
"908","Montana",1988,"MT",1272
"909","Montana",1989,"MT",1328
"910","Montana",1990,"MT",1425
"911","Montana",1991,"MT",1478
"912","Montana",1992,"MT",1548
"913","Montana",1993,"MT",1541
"914","Montana",1994,"MT",1764
"915","Montana",1995,"MT",1999
"916","Montana",1996,"MT",2230
"917","Montana",1997,"MT",2541
"918","Montana",1998,"MT",2734
"919","Montana",1999,"MT",2951
"920","Montana",2000,"MT",3105
"921","Montana",2001,"MT",3328
"922","Montana",2002,"MT",3323
"923","Montana",2003,"MT",3620
"924","Montana",2004,"MT",3164
"925","Montana",2005,"MT",3509
"926","Montana",2006,"MT",3563
"927","Montana",2007,"MT",3431
"928","Montana",2008,"MT",3517
"929","Montana",2009,"MT",3605
"930","Montana",2010,"MT",3716
"931","Montana",2011,"MT",3678
"932","Montana",2012,"MT",3609
"933","Montana",2013,"MT",3642
"934","Montana",2014,"MT",3699
"935","Montana",2015,"MT",3685
"936","Montana",2016,"MT",3814
"937","Nebraska",1978,"NE",1347
"938","Nebraska",1979,"NE",1291
"939","Nebraska",1980,"NE",1446
"940","Nebraska",1981,"NE",1488
"941","Nebraska",1982,"NE",1739
"942","Nebraska",1983,"NE",1629
"943","Nebraska",1984,"NE",1655
"944","Nebraska",1985,"NE",1814
"945","Nebraska",1986,"NE",2044
"946","Nebraska",1987,"NE",2086
"947","Nebraska",1988,"NE",2156
"948","Nebraska",1989,"NE",2393
"949","Nebraska",1990,"NE",2403
"950","Nebraska",1991,"NE",2526
"951","Nebraska",1992,"NE",2514
"952","Nebraska",1993,"NE",2518
"953","Nebraska",1994,"NE",2711
"954","Nebraska",1995,"NE",3074
"955","Nebraska",1996,"NE",3287
"956","Nebraska",1997,"NE",3402
"957","Nebraska",1998,"NE",3676
"958","Nebraska",1999,"NE",3688
"959","Nebraska",2000,"NE",3895
"960","Nebraska",2001,"NE",3937
"961","Nebraska",2002,"NE",4058
"962","Nebraska",2003,"NE",4040
"963","Nebraska",2004,"NE",4130
"964","Nebraska",2005,"NE",4455
"965","Nebraska",2006,"NE",4407
"966","Nebraska",2007,"NE",4505
"967","Nebraska",2008,"NE",4520
"968","Nebraska",2009,"NE",4474
"969","Nebraska",2010,"NE",4587
"970","Nebraska",2011,"NE",4616
"971","Nebraska",2012,"NE",4705
"972","Nebraska",2013,"NE",5026
"973","Nebraska",2014,"NE",5441
"974","Nebraska",2015,"NE",5372
"975","Nebraska",2016,"NE",5302
"976","Nevada",1978,"NV",1350
"977","Nevada",1979,"NV",1566
"978","Nevada",1980,"NV",1839
"979","Nevada",1981,"NV",2116
"980","Nevada",1982,"NV",2753
"981","Nevada",1983,"NV",3188
"982","Nevada",1984,"NV",3488
"983","Nevada",1985,"NV",3771
"984","Nevada",1986,"NV",4551
"985","Nevada",1987,"NV",4434
"986","Nevada",1988,"NV",4881
"987","Nevada",1989,"NV",5112
"988","Nevada",1990,"NV",5322
"989","Nevada",1991,"NV",5823
"990","Nevada",1992,"NV",6049
"991","Nevada",1993,"NV",6412
"992","Nevada",1994,"NV",6993
"993","Nevada",1995,"NV",7713
"994","Nevada",1996,"NV",8325
"995","Nevada",1997,"NV",9024
"996","Nevada",1998,"NV",9651
"997","Nevada",1999,"NV",9494
"998","Nevada",2000,"NV",10063
"999","Nevada",2001,"NV",10233
"1000","Nevada",2002,"NV",10478
"1001","Nevada",2003,"NV",10543
"1002","Nevada",2004,"NV",11365
"1003","Nevada",2005,"NV",11782
"1004","Nevada",2006,"NV",12839
"1005","Nevada",2007,"NV",13400
"1006","Nevada",2008,"NV",12743
"1007","Nevada",2009,"NV",12482
"1008","Nevada",2010,"NV",12653
"1009","Nevada",2011,"NV",12778
"1010","Nevada",2012,"NV",12883
"1011","Nevada",2013,"NV",13056
"1012","Nevada",2014,"NV",12537
"1013","Nevada",2015,"NV",13071
"1014","Nevada",2016,"NV",13757
"1015","Ohio",1978,"OH",13107
"1016","Ohio",1979,"OH",13360
"1017","Ohio",1980,"OH",13489
"1018","Ohio",1981,"OH",14968
"1019","Ohio",1982,"OH",17317
"1020","Ohio",1983,"OH",18007
"1021","Ohio",1984,"OH",18619
"1022","Ohio",1985,"OH",20864
"1023","Ohio",1986,"OH",22463
"1024","Ohio",1987,"OH",24240
"1025","Ohio",1988,"OH",26462
"1026","Ohio",1989,"OH",30538
"1027","Ohio",1990,"OH",31822
"1028","Ohio",1991,"OH",35744
"1029","Ohio",1992,"OH",38378
"1030","Ohio",1993,"OH",40641
"1031","Ohio",1994,"OH",41908
"1032","Ohio",1995,"OH",44663
"1033","Ohio",1996,"OH",46174
"1034","Ohio",1997,"OH",48016
"1035","Ohio",1998,"OH",48450
"1036","Ohio",1999,"OH",46842
"1037","Ohio",2000,"OH",45833
"1038","Ohio",2001,"OH",45281
"1039","Ohio",2002,"OH",45646
"1040","Ohio",2003,"OH",44778
"1041","Ohio",2004,"OH",44806
"1042","Ohio",2005,"OH",45854
"1043","Ohio",2006,"OH",49166
"1044","Ohio",2007,"OH",50731
"1045","Ohio",2008,"OH",51686
"1046","Ohio",2009,"OH",51606
"1047","Ohio",2010,"OH",51712
"1048","Ohio",2011,"OH",50964
"1049","Ohio",2012,"OH",50876
"1050","Ohio",2013,"OH",51729
"1051","Ohio",2014,"OH",51519
"1052","Ohio",2015,"OH",52233
"1053","Ohio",2016,"OH",52175
"1054","Oklahoma",1978,"OK",4186
"1055","Oklahoma",1979,"OK",4250
"1056","Oklahoma",1980,"OK",4796
"1057","Oklahoma",1981,"OK",5281
"1058","Oklahoma",1982,"OK",6500
"1059","Oklahoma",1983,"OK",7480
"1060","Oklahoma",1984,"OK",7872
"1061","Oklahoma",1985,"OK",8330
"1062","Oklahoma",1986,"OK",9708
"1063","Oklahoma",1987,"OK",9639
"1064","Oklahoma",1988,"OK",10448
"1065","Oklahoma",1989,"OK",11608
"1066","Oklahoma",1990,"OK",12285
"1067","Oklahoma",1991,"OK",13340
"1068","Oklahoma",1992,"OK",14821
"1069","Oklahoma",1993,"OK",16409
"1070","Oklahoma",1994,"OK",16631
"1071","Oklahoma",1995,"OK",18151
"1072","Oklahoma",1996,"OK",19593
"1073","Oklahoma",1997,"OK",20542
"1074","Oklahoma",1998,"OK",20892
"1075","Oklahoma",1999,"OK",22393
"1076","Oklahoma",2000,"OK",23181
"1077","Oklahoma",2001,"OK",22780
"1078","Oklahoma",2002,"OK",22802
"1079","Oklahoma",2003,"OK",22821
"1080","Oklahoma",2004,"OK",24508
"1081","Oklahoma",2005,"OK",24826
"1082","Oklahoma",2006,"OK",24288
"1083","Oklahoma",2007,"OK",24603
"1084","Oklahoma",2008,"OK",24660
"1085","Oklahoma",2009,"OK",24803
"1086","Oklahoma",2010,"OK",26252
"1087","Oklahoma",2011,"OK",25977
"1088","Oklahoma",2012,"OK",25225
"1089","Oklahoma",2013,"OK",27547
"1090","Oklahoma",2014,"OK",27650
"1091","Oklahoma",2015,"OK",28547
"1092","Oklahoma",2016,"OK",26871
"1093","Oregon",1978,"OR",2879
"1094","Oregon",1979,"OR",3179
"1095","Oregon",1980,"OR",3177
"1096","Oregon",1981,"OR",3295
"1097","Oregon",1982,"OR",3900
"1098","Oregon",1983,"OR",3952
"1099","Oregon",1984,"OR",4224
"1100","Oregon",1985,"OR",4376
"1101","Oregon",1986,"OR",4770
"1102","Oregon",1987,"OR",5457
"1103","Oregon",1988,"OR",5991
"1104","Oregon",1989,"OR",6156
"1105","Oregon",1990,"OR",6492
"1106","Oregon",1991,"OR",6732
"1107","Oregon",1992,"OR",6583
"1108","Oregon",1993,"OR",6557
"1109","Oregon",1994,"OR",6936
"1110","Oregon",1995,"OR",7886
"1111","Oregon",1996,"OR",8661
"1112","Oregon",1997,"OR",7999
"1113","Oregon",1998,"OR",9034
"1114","Oregon",1999,"OR",9860
"1115","Oregon",2000,"OR",10580
"1116","Oregon",2001,"OR",11410
"1117","Oregon",2002,"OR",12085
"1118","Oregon",2003,"OR",12715
"1119","Oregon",2004,"OR",13183
"1120","Oregon",2005,"OR",13411
"1121","Oregon",2006,"OR",13707
"1122","Oregon",2007,"OR",13948
"1123","Oregon",2008,"OR",14167
"1124","Oregon",2009,"OR",14403
"1125","Oregon",2010,"OR",14876
"1126","Oregon",2011,"OR",14510
"1127","Oregon",2012,"OR",14840
"1128","Oregon",2013,"OR",15517
"1129","Oregon",2014,"OR",15075
"1130","Oregon",2015,"OR",15245
"1131","Oregon",2016,"OR",15166
"1132","Pennsylvania",1978,"PA",7814
"1133","Pennsylvania",1979,"PA",7772
"1134","Pennsylvania",1980,"PA",8171
"1135","Pennsylvania",1981,"PA",9365
"1136","Pennsylvania",1982,"PA",10508
"1137","Pennsylvania",1983,"PA",11767
"1138","Pennsylvania",1984,"PA",13090
"1139","Pennsylvania",1985,"PA",14227
"1140","Pennsylvania",1986,"PA",15201
"1141","Pennsylvania",1987,"PA",16267
"1142","Pennsylvania",1988,"PA",17900
"1143","Pennsylvania",1989,"PA",20469
"1144","Pennsylvania",1990,"PA",22290
"1145","Pennsylvania",1991,"PA",23388
"1146","Pennsylvania",1992,"PA",24974
"1147","Pennsylvania",1993,"PA",26050
"1148","Pennsylvania",1994,"PA",28302
"1149","Pennsylvania",1995,"PA",32416
"1150","Pennsylvania",1996,"PA",34537
"1151","Pennsylvania",1997,"PA",34964
"1152","Pennsylvania",1998,"PA",36377
"1153","Pennsylvania",1999,"PA",36525
"1154","Pennsylvania",2000,"PA",36847
"1155","Pennsylvania",2001,"PA",38062
"1156","Pennsylvania",2002,"PA",40168
"1157","Pennsylvania",2003,"PA",40890
"1158","Pennsylvania",2004,"PA",40963
"1159","Pennsylvania",2005,"PA",42380
"1160","Pennsylvania",2006,"PA",44397
"1161","Pennsylvania",2007,"PA",45969
"1162","Pennsylvania",2008,"PA",49215
"1163","Pennsylvania",2009,"PA",51429
"1164","Pennsylvania",2010,"PA",51264
"1165","Pennsylvania",2011,"PA",51578
"1166","Pennsylvania",2012,"PA",51125
"1167","Pennsylvania",2013,"PA",51422
"1168","Pennsylvania",2014,"PA",50694
"1169","Pennsylvania",2015,"PA",49858
"1170","Pennsylvania",2016,"PA",49244
"1171","Tennessee",1978,"TN",5835
"1172","Tennessee",1979,"TN",6629
"1173","Tennessee",1980,"TN",7022
"1174","Tennessee",1981,"TN",7897
"1175","Tennessee",1982,"TN",7869
"1176","Tennessee",1983,"TN",8201
"1177","Tennessee",1984,"TN",7307
"1178","Tennessee",1985,"TN",7127
"1179","Tennessee",1986,"TN",7591
"1180","Tennessee",1987,"TN",7639
"1181","Tennessee",1988,"TN",7732
"1182","Tennessee",1989,"TN",10630
"1183","Tennessee",1990,"TN",10388
"1184","Tennessee",1991,"TN",11474
"1185","Tennessee",1992,"TN",11849
"1186","Tennessee",1993,"TN",12824
"1187","Tennessee",1994,"TN",14401
"1188","Tennessee",1995,"TN",15206
"1189","Tennessee",1996,"TN",15626
"1190","Tennessee",1997,"TN",16659
"1191","Tennessee",1998,"TN",21438
"1192","Tennessee",1999,"TN",22502
"1193","Tennessee",2000,"TN",22166
"1194","Tennessee",2001,"TN",23671
"1195","Tennessee",2002,"TN",24989
"1196","Tennessee",2003,"TN",25403
"1197","Tennessee",2004,"TN",25884
"1198","Tennessee",2005,"TN",26369
"1199","Tennessee",2006,"TN",25745
"1200","Tennessee",2007,"TN",26267
"1201","Tennessee",2008,"TN",27228
"1202","Tennessee",2009,"TN",26965
"1203","Tennessee",2010,"TN",27451
"1204","Tennessee",2011,"TN",28479
"1205","Tennessee",2012,"TN",28411
"1206","Tennessee",2013,"TN",28521
"1207","Tennessee",2014,"TN",28769
"1208","Tennessee",2015,"TN",28172
"1209","Tennessee",2016,"TN",28203
"1210","Texas",1978,"TX",24575
"1211","Texas",1979,"TX",26522
"1212","Texas",1980,"TX",29892
"1213","Texas",1981,"TX",31502
"1214","Texas",1982,"TX",36149
"1215","Texas",1983,"TX",35259
"1216","Texas",1984,"TX",36682
"1217","Texas",1985,"TX",37532
"1218","Texas",1986,"TX",38534
"1219","Texas",1987,"TX",38821
"1220","Texas",1988,"TX",40437
"1221","Texas",1989,"TX",44022
"1222","Texas",1990,"TX",50042
"1223","Texas",1991,"TX",51677
"1224","Texas",1992,"TX",60467
"1225","Texas",1993,"TX",92013
"1226","Texas",1994,"TX",118195
"1227","Texas",1995,"TX",127766
"1228","Texas",1996,"TX",132383
"1229","Texas",1997,"TX",140351
"1230","Texas",1998,"TX",144510
"1231","Texas",1999,"TX",163190
"1232","Texas",2000,"TX",166719
"1233","Texas",2001,"TX",162070
"1234","Texas",2002,"TX",162003
"1235","Texas",2003,"TX",166911
"1236","Texas",2004,"TX",168105
"1237","Texas",2005,"TX",169003
"1238","Texas",2006,"TX",172116
"1239","Texas",2007,"TX",171790
"1240","Texas",2008,"TX",172506
"1241","Texas",2009,"TX",171249
"1242","Texas",2010,"TX",173649
"1243","Texas",2011,"TX",172224
"1244","Texas",2012,"TX",166372
"1245","Texas",2013,"TX",168280
"1246","Texas",2014,"TX",166043
"1247","Texas",2015,"TX",163909
"1248","Texas",2016,"TX",163703
"1249","Utah",1978,"UT",911
"1250","Utah",1979,"UT",960
"1251","Utah",1980,"UT",932
"1252","Utah",1981,"UT",1140
"1253","Utah",1982,"UT",1216
"1254","Utah",1983,"UT",1274
"1255","Utah",1984,"UT",1504
"1256","Utah",1985,"UT",1633
"1257","Utah",1986,"UT",1776
"1258","Utah",1987,"UT",1853
"1259","Utah",1988,"UT",1961
"1260","Utah",1989,"UT",2394
"1261","Utah",1990,"UT",2496
"1262","Utah",1991,"UT",2625
"1263","Utah",1992,"UT",2699
"1264","Utah",1993,"UT",2888
"1265","Utah",1994,"UT",3045
"1266","Utah",1995,"UT",3471
"1267","Utah",1996,"UT",4002
"1268","Utah",1997,"UT",4301
"1269","Utah",1998,"UT",4907
"1270","Utah",1999,"UT",5322
"1271","Utah",2000,"UT",5637
"1272","Utah",2001,"UT",5339
"1273","Utah",2002,"UT",5562
"1274","Utah",2003,"UT",5763
"1275","Utah",2004,"UT",5991
"1276","Utah",2005,"UT",6382
"1277","Utah",2006,"UT",6433
"1278","Utah",2007,"UT",6515
"1279","Utah",2008,"UT",6552
"1280","Utah",2009,"UT",6538
"1281","Utah",2010,"UT",6807
"1282","Utah",2011,"UT",6879
"1283","Utah",2012,"UT",6962
"1284","Utah",2013,"UT",7077
"1285","Utah",2014,"UT",7031
"1286","Utah",2015,"UT",6495
"1287","Utah",2016,"UT",6182
"1288","Vermont",1978,"VT",441
"1289","Vermont",1979,"VT",431
"1290","Vermont",1980,"VT",480
"1291","Vermont",1981,"VT",534
"1292","Vermont",1982,"VT",599
"1293","Vermont",1983,"VT",497
"1294","Vermont",1984,"VT",501
"1295","Vermont",1985,"VT",677
"1296","Vermont",1986,"VT",697
"1297","Vermont",1987,"VT",759
"1298","Vermont",1988,"VT",820
"1299","Vermont",1989,"VT",905
"1300","Vermont",1990,"VT",1049
"1301","Vermont",1991,"VT",1118
"1302","Vermont",1992,"VT",1254
"1303","Vermont",1993,"VT",1223
"1304","Vermont",1994,"VT",1301
"1305","Vermont",1995,"VT",1279
"1306","Vermont",1996,"VT",1119
"1307","Vermont",1997,"VT",1270
"1308","Vermont",1998,"VT",1473
"1309","Vermont",1999,"VT",1536
"1310","Vermont",2000,"VT",1697
"1311","Vermont",2001,"VT",1741
"1312","Vermont",2002,"VT",1863
"1313","Vermont",2003,"VT",1944
"1314","Vermont",2004,"VT",1968
"1315","Vermont",2005,"VT",2078
"1316","Vermont",2006,"VT",2215
"1317","Vermont",2007,"VT",2116
"1318","Vermont",2008,"VT",2116
"1319","Vermont",2009,"VT",2220
"1320","Vermont",2010,"VT",2079
"1321","Vermont",2011,"VT",2053
"1322","Vermont",2012,"VT",2034
"1323","Vermont",2013,"VT",2078
"1324","Vermont",2014,"VT",1979
"1325","Vermont",2015,"VT",1750
"1326","Vermont",2016,"VT",1735
"1327","Virginia",1978,"VA",8344
"1328","Virginia",1979,"VA",8449
"1329","Virginia",1980,"VA",8920
"1330","Virginia",1981,"VA",9388
"1331","Virginia",1982,"VA",10079
"1332","Virginia",1983,"VA",10093
"1333","Virginia",1984,"VA",10839
"1334","Virginia",1985,"VA",12073
"1335","Virginia",1986,"VA",12930
"1336","Virginia",1987,"VA",13321
"1337","Virginia",1988,"VA",14184
"1338","Virginia",1989,"VA",16477
"1339","Virginia",1990,"VA",17593
"1340","Virginia",1991,"VA",19829
"1341","Virginia",1992,"VA",21199
"1342","Virginia",1993,"VA",22850
"1343","Virginia",1994,"VA",26968
"1344","Virginia",1995,"VA",27415
"1345","Virginia",1996,"VA",27655
"1346","Virginia",1997,"VA",28385
"1347","Virginia",1998,"VA",30276
"1348","Virginia",1999,"VA",29789
"1349","Virginia",2000,"VA",30168
"1350","Virginia",2001,"VA",31662
"1351","Virginia",2002,"VA",34973
"1352","Virginia",2003,"VA",35067
"1353","Virginia",2004,"VA",35564
"1354","Virginia",2005,"VA",35344
"1355","Virginia",2006,"VA",36688
"1356","Virginia",2007,"VA",37984
"1357","Virginia",2008,"VA",38216
"1358","Virginia",2009,"VA",38059
"1359","Virginia",2010,"VA",37638
"1360","Virginia",2011,"VA",38130
"1361","Virginia",2012,"VA",37044
"1362","Virginia",2013,"VA",36982
"1363","Virginia",2014,"VA",37544
"1364","Virginia",2015,"VA",38403
"1365","Virginia",2016,"VA",37813
"1366","Washington",1978,"WA",4487
"1367","Washington",1979,"WA",4342
"1368","Washington",1980,"WA",4399
"1369","Washington",1981,"WA",5336
"1370","Washington",1982,"WA",6264
"1371","Washington",1983,"WA",6658
"1372","Washington",1984,"WA",6821
"1373","Washington",1985,"WA",6919
"1374","Washington",1986,"WA",6603
"1375","Washington",1987,"WA",6131
"1376","Washington",1988,"WA",5816
"1377","Washington",1989,"WA",6928
"1378","Washington",1990,"WA",7995
"1379","Washington",1991,"WA",9156
"1380","Washington",1992,"WA",9959
"1381","Washington",1993,"WA",10419
"1382","Washington",1994,"WA",10833
"1383","Washington",1995,"WA",11608
"1384","Washington",1996,"WA",12527
"1385","Washington",1997,"WA",13214
"1386","Washington",1998,"WA",14161
"1387","Washington",1999,"WA",14590
"1388","Washington",2000,"WA",14915
"1389","Washington",2001,"WA",15159
"1390","Washington",2002,"WA",16062
"1391","Washington",2003,"WA",16148
"1392","Washington",2004,"WA",16614
"1393","Washington",2005,"WA",17382
"1394","Washington",2006,"WA",17561
"1395","Washington",2007,"WA",17772
"1396","Washington",2008,"WA",17926
"1397","Washington",2009,"WA",18233
"1398","Washington",2010,"WA",18235
"1399","Washington",2011,"WA",17847
"1400","Washington",2012,"WA",17271
"1401","Washington",2013,"WA",17984
"1402","Washington",2014,"WA",18120
"1403","Washington",2015,"WA",18284
"1404","Washington",2016,"WA",19104
"1405","Wisconsin",1978,"WI",3432
"1406","Wisconsin",1979,"WI",3677
"1407","Wisconsin",1980,"WI",3980
"1408","Wisconsin",1981,"WI",4385
"1409","Wisconsin",1982,"WI",4714
"1410","Wisconsin",1983,"WI",4845
"1411","Wisconsin",1984,"WI",4974
"1412","Wisconsin",1985,"WI",5425
"1413","Wisconsin",1986,"WI",5736
"1414","Wisconsin",1987,"WI",6143
"1415","Wisconsin",1988,"WI",6353
"1416","Wisconsin",1989,"WI",6788
"1417","Wisconsin",1990,"WI",7465
"1418","Wisconsin",1991,"WI",7854
"1419","Wisconsin",1992,"WI",8191
"1420","Wisconsin",1993,"WI",8781
"1421","Wisconsin",1994,"WI",10022
"1422","Wisconsin",1995,"WI",11199
"1423","Wisconsin",1996,"WI",12991
"1424","Wisconsin",1997,"WI",16280
"1425","Wisconsin",1998,"WI",18403
"1426","Wisconsin",1999,"WI",20390
"1427","Wisconsin",2000,"WI",20754
"1428","Wisconsin",2001,"WI",21495
"1429","Wisconsin",2002,"WI",22113
"1430","Wisconsin",2003,"WI",22604
"1431","Wisconsin",2004,"WI",22959
"1432","Wisconsin",2005,"WI",22697
"1433","Wisconsin",2006,"WI",23415
"1434","Wisconsin",2007,"WI",23743
"1435","Wisconsin",2008,"WI",23379
"1436","Wisconsin",2009,"WI",23165
"1437","Wisconsin",2010,"WI",22729
"1438","Wisconsin",2011,"WI",22657
"1439","Wisconsin",2012,"WI",22600
"1440","Wisconsin",2013,"WI",22471
"1441","Wisconsin",2014,"WI",22597
"1442","Wisconsin",2015,"WI",22975
"1443","Wisconsin",2016,"WI",23377
"1444","Wyoming",1978,"WY",433
"1445","Wyoming",1979,"WY",504
"1446","Wyoming",1980,"WY",534
"1447","Wyoming",1981,"WY",556
"1448","Wyoming",1982,"WY",702
"1449","Wyoming",1983,"WY",721
"1450","Wyoming",1984,"WY",724
"1451","Wyoming",1985,"WY",762
"1452","Wyoming",1986,"WY",861
"1453","Wyoming",1987,"WY",916
"1454","Wyoming",1988,"WY",945
"1455","Wyoming",1989,"WY",1026
"1456","Wyoming",1990,"WY",1110
"1457","Wyoming",1991,"WY",1099
"1458","Wyoming",1992,"WY",1063
"1459","Wyoming",1993,"WY",1129
"1460","Wyoming",1994,"WY",1217
"1461","Wyoming",1995,"WY",1395
"1462","Wyoming",1996,"WY",1477
"1463","Wyoming",1997,"WY",1549
"1464","Wyoming",1998,"WY",1571
"1465","Wyoming",1999,"WY",1710
"1466","Wyoming",2000,"WY",1680
"1467","Wyoming",2001,"WY",1684
"1468","Wyoming",2002,"WY",1737
"1469","Wyoming",2003,"WY",1872
"1470","Wyoming",2004,"WY",1980
"1471","Wyoming",2005,"WY",2047
"1472","Wyoming",2006,"WY",2114
"1473","Wyoming",2007,"WY",2084
"1474","Wyoming",2008,"WY",2084
"1475","Wyoming",2009,"WY",2075
"1476","Wyoming",2010,"WY",2112
"1477","Wyoming",2011,"WY",2183
"1478","Wyoming",2012,"WY",2204
"1479","Wyoming",2013,"WY",2310
"1480","Wyoming",2014,"WY",2383
"1481","Wyoming",2015,"WY",2424
"1482","Wyoming",2016,"WY",2374
